{
  "protein_index": 10610,
  "sequence_length": 226,
  "num_nodes": 226,
  "num_edges": 4042,
  "num_features": 1280,
  "graph_density": 0.07913697510957718,
  "avg_degree": 17.88495635986328,
  "is_symmetric": true,
  "distance_stats": {
    "min": 0,
    "max": 181,
    "mean": 37.67342899554676,
    "median": 16.0
  }
}